raceId,year,round,driverId,constructorId,grid,positionOrder,points,status,is_winner,EventName,Location,Abbreviation
2023_1,2023,1,max_verstappen,Red Bull Racing,1.0,1.0,25.0,Finished,1,Bahrain Grand Prix,Sakhir,VER
2023_1,2023,1,perez,Red Bull Racing,2.0,2.0,18.0,Finished,0,Bahrain Grand Prix,Sakhir,PER
2023_1,2023,1,alonso,Aston Martin,5.0,3.0,15.0,Finished,0,Bahrain Grand Prix,Sakhir,ALO
2023_1,2023,1,sainz,Ferrari,4.0,4.0,12.0,Finished,0,Bahrain Grand Prix,Sakhir,SAI
2023_1,2023,1,hamilton,Mercedes,7.0,5.0,10.0,Finished,0,Bahrain Grand Prix,Sakhir,HAM
2023_1,2023,1,stroll,Aston Martin,8.0,6.0,8.0,Finished,0,Bahrain Grand Prix,Sakhir,STR
2023_1,2023,1,russell,Mercedes,6.0,7.0,6.0,Finished,0,Bahrain Grand Prix,Sakhir,RUS
2023_1,2023,1,bottas,Alfa Romeo,12.0,8.0,4.0,Finished,0,Bahrain Grand Prix,Sakhir,BOT
2023_1,2023,1,gasly,Alpine,20.0,9.0,2.0,Finished,0,Bahrain Grand Prix,Sakhir,GAS
2023_1,2023,1,albon,Williams,15.0,10.0,1.0,Finished,0,Bahrain Grand Prix,Sakhir,ALB
2023_1,2023,1,tsunoda,AlphaTauri,14.0,11.0,0.0,Finished,0,Bahrain Grand Prix,Sakhir,TSU
2023_1,2023,1,sargeant,Williams,16.0,12.0,0.0,Lapped,0,Bahrain Grand Prix,Sakhir,SAR
2023_1,2023,1,kevin_magnussen,Haas F1 Team,17.0,13.0,0.0,Lapped,0,Bahrain Grand Prix,Sakhir,MAG
2023_1,2023,1,de_vries,AlphaTauri,19.0,14.0,0.0,Lapped,0,Bahrain Grand Prix,Sakhir,DEV
2023_1,2023,1,hulkenberg,Haas F1 Team,10.0,15.0,0.0,Lapped,0,Bahrain Grand Prix,Sakhir,HUL
2023_1,2023,1,zhou,Alfa Romeo,13.0,16.0,0.0,Lapped,0,Bahrain Grand Prix,Sakhir,ZHO
2023_1,2023,1,norris,McLaren,11.0,17.0,0.0,Lapped,0,Bahrain Grand Prix,Sakhir,NOR
2023_1,2023,1,ocon,Alpine,9.0,18.0,0.0,Retired,0,Bahrain Grand Prix,Sakhir,OCO
2023_1,2023,1,leclerc,Ferrari,3.0,19.0,0.0,Retired,0,Bahrain Grand Prix,Sakhir,LEC
2023_1,2023,1,piastri,McLaren,18.0,20.0,0.0,Retired,0,Bahrain Grand Prix,Sakhir,PIA
2023_2,2023,2,perez,Red Bull Racing,1.0,1.0,25.0,Finished,1,Saudi Arabian Grand Prix,Jeddah,PER
2023_2,2023,2,max_verstappen,Red Bull Racing,15.0,2.0,19.0,Finished,0,Saudi Arabian Grand Prix,Jeddah,VER
2023_2,2023,2,alonso,Aston Martin,2.0,3.0,15.0,Finished,0,Saudi Arabian Grand Prix,Jeddah,ALO
2023_2,2023,2,russell,Mercedes,3.0,4.0,12.0,Finished,0,Saudi Arabian Grand Prix,Jeddah,RUS
2023_2,2023,2,hamilton,Mercedes,7.0,5.0,10.0,Finished,0,Saudi Arabian Grand Prix,Jeddah,HAM
2023_2,2023,2,sainz,Ferrari,4.0,6.0,8.0,Finished,0,Saudi Arabian Grand Prix,Jeddah,SAI
2023_2,2023,2,leclerc,Ferrari,12.0,7.0,6.0,Finished,0,Saudi Arabian Grand Prix,Jeddah,LEC
2023_2,2023,2,ocon,Alpine,6.0,8.0,4.0,Finished,0,Saudi Arabian Grand Prix,Jeddah,OCO
2023_2,2023,2,gasly,Alpine,9.0,9.0,2.0,Finished,0,Saudi Arabian Grand Prix,Jeddah,GAS
2023_2,2023,2,kevin_magnussen,Haas F1 Team,13.0,10.0,1.0,Finished,0,Saudi Arabian Grand Prix,Jeddah,MAG
2023_2,2023,2,tsunoda,AlphaTauri,16.0,11.0,0.0,Finished,0,Saudi Arabian Grand Prix,Jeddah,TSU
2023_2,2023,2,hulkenberg,Haas F1 Team,10.0,12.0,0.0,Finished,0,Saudi Arabian Grand Prix,Jeddah,HUL
2023_2,2023,2,zhou,Alfa Romeo,11.0,13.0,0.0,Finished,0,Saudi Arabian Grand Prix,Jeddah,ZHO
2023_2,2023,2,de_vries,AlphaTauri,18.0,14.0,0.0,Finished,0,Saudi Arabian Grand Prix,Jeddah,DEV
2023_2,2023,2,piastri,McLaren,8.0,15.0,0.0,Finished,0,Saudi Arabian Grand Prix,Jeddah,PIA
2023_2,2023,2,sargeant,Williams,20.0,16.0,0.0,Finished,0,Saudi Arabian Grand Prix,Jeddah,SAR
2023_2,2023,2,norris,McLaren,19.0,17.0,0.0,Finished,0,Saudi Arabian Grand Prix,Jeddah,NOR
2023_2,2023,2,bottas,Alfa Romeo,14.0,18.0,0.0,Lapped,0,Saudi Arabian Grand Prix,Jeddah,BOT
2023_2,2023,2,albon,Williams,17.0,19.0,0.0,Retired,0,Saudi Arabian Grand Prix,Jeddah,ALB
2023_2,2023,2,stroll,Aston Martin,5.0,20.0,0.0,Retired,0,Saudi Arabian Grand Prix,Jeddah,STR
2023_3,2023,3,max_verstappen,Red Bull Racing,1.0,1.0,25.0,Finished,1,Australian Grand Prix,Melbourne,VER
2023_3,2023,3,hamilton,Mercedes,3.0,2.0,18.0,Finished,0,Australian Grand Prix,Melbourne,HAM
2023_3,2023,3,alonso,Aston Martin,4.0,3.0,15.0,Finished,0,Australian Grand Prix,Melbourne,ALO
2023_3,2023,3,stroll,Aston Martin,6.0,4.0,12.0,Finished,0,Australian Grand Prix,Melbourne,STR
2023_3,2023,3,perez,Red Bull Racing,20.0,5.0,11.0,Finished,0,Australian Grand Prix,Melbourne,PER
2023_3,2023,3,norris,McLaren,13.0,6.0,8.0,Finished,0,Australian Grand Prix,Melbourne,NOR
2023_3,2023,3,hulkenberg,Haas F1 Team,10.0,7.0,6.0,Finished,0,Australian Grand Prix,Melbourne,HUL
2023_3,2023,3,piastri,McLaren,16.0,8.0,4.0,Finished,0,Australian Grand Prix,Melbourne,PIA
2023_3,2023,3,zhou,Alfa Romeo,17.0,9.0,2.0,Finished,0,Australian Grand Prix,Melbourne,ZHO
2023_3,2023,3,tsunoda,AlphaTauri,12.0,10.0,1.0,Finished,0,Australian Grand Prix,Melbourne,TSU
2023_3,2023,3,bottas,Alfa Romeo,19.0,11.0,0.0,Finished,0,Australian Grand Prix,Melbourne,BOT
2023_3,2023,3,sainz,Ferrari,5.0,12.0,0.0,Finished,0,Australian Grand Prix,Melbourne,SAI
2023_3,2023,3,gasly,Alpine,9.0,13.0,0.0,Retired,0,Australian Grand Prix,Melbourne,GAS
2023_3,2023,3,ocon,Alpine,11.0,14.0,0.0,Retired,0,Australian Grand Prix,Melbourne,OCO
2023_3,2023,3,de_vries,AlphaTauri,15.0,15.0,0.0,Retired,0,Australian Grand Prix,Melbourne,DEV
2023_3,2023,3,sargeant,Williams,18.0,16.0,0.0,Retired,0,Australian Grand Prix,Melbourne,SAR
2023_3,2023,3,kevin_magnussen,Haas F1 Team,14.0,17.0,0.0,Retired,0,Australian Grand Prix,Melbourne,MAG
2023_3,2023,3,russell,Mercedes,2.0,18.0,0.0,Retired,0,Australian Grand Prix,Melbourne,RUS
2023_3,2023,3,albon,Williams,8.0,19.0,0.0,Retired,0,Australian Grand Prix,Melbourne,ALB
2023_3,2023,3,leclerc,Ferrari,7.0,20.0,0.0,Retired,0,Australian Grand Prix,Melbourne,LEC
2023_5,2023,5,max_verstappen,Red Bull Racing,9.0,1.0,26.0,Finished,1,Miami Grand Prix,Miami,VER
2023_5,2023,5,perez,Red Bull Racing,1.0,2.0,18.0,Finished,0,Miami Grand Prix,Miami,PER
2023_5,2023,5,alonso,Aston Martin,2.0,3.0,15.0,Finished,0,Miami Grand Prix,Miami,ALO
2023_5,2023,5,russell,Mercedes,6.0,4.0,12.0,Finished,0,Miami Grand Prix,Miami,RUS
2023_5,2023,5,sainz,Ferrari,3.0,5.0,10.0,Finished,0,Miami Grand Prix,Miami,SAI
2023_5,2023,5,hamilton,Mercedes,13.0,6.0,8.0,Finished,0,Miami Grand Prix,Miami,HAM
2023_5,2023,5,leclerc,Ferrari,7.0,7.0,6.0,Finished,0,Miami Grand Prix,Miami,LEC
2023_5,2023,5,gasly,Alpine,5.0,8.0,4.0,Finished,0,Miami Grand Prix,Miami,GAS
2023_5,2023,5,ocon,Alpine,8.0,9.0,2.0,Finished,0,Miami Grand Prix,Miami,OCO
2023_5,2023,5,kevin_magnussen,Haas F1 Team,4.0,10.0,1.0,Finished,0,Miami Grand Prix,Miami,MAG
2023_5,2023,5,tsunoda,AlphaTauri,17.0,11.0,0.0,Finished,0,Miami Grand Prix,Miami,TSU
2023_5,2023,5,stroll,Aston Martin,18.0,12.0,0.0,Finished,0,Miami Grand Prix,Miami,STR
2023_5,2023,5,bottas,Alfa Romeo,10.0,13.0,0.0,Finished,0,Miami Grand Prix,Miami,BOT
2023_5,2023,5,albon,Williams,11.0,14.0,0.0,Finished,0,Miami Grand Prix,Miami,ALB
2023_5,2023,5,hulkenberg,Haas F1 Team,12.0,15.0,0.0,Finished,0,Miami Grand Prix,Miami,HUL
2023_5,2023,5,zhou,Alfa Romeo,14.0,16.0,0.0,Finished,0,Miami Grand Prix,Miami,ZHO
2023_5,2023,5,norris,McLaren,16.0,17.0,0.0,Finished,0,Miami Grand Prix,Miami,NOR
2023_5,2023,5,de_vries,AlphaTauri,15.0,18.0,0.0,Finished,0,Miami Grand Prix,Miami,DEV
2023_5,2023,5,piastri,McLaren,19.0,19.0,0.0,Lapped,0,Miami Grand Prix,Miami,PIA
2023_5,2023,5,sargeant,Williams,20.0,20.0,0.0,Lapped,0,Miami Grand Prix,Miami,SAR
2023_6,2023,6,max_verstappen,Red Bull Racing,1.0,1.0,25.0,Finished,1,Monaco Grand Prix,Monaco,VER
2023_6,2023,6,alonso,Aston Martin,2.0,2.0,18.0,Finished,0,Monaco Grand Prix,Monaco,ALO
2023_6,2023,6,ocon,Alpine,3.0,3.0,15.0,Finished,0,Monaco Grand Prix,Monaco,OCO
2023_6,2023,6,hamilton,Mercedes,5.0,4.0,13.0,Finished,0,Monaco Grand Prix,Monaco,HAM
2023_6,2023,6,russell,Mercedes,8.0,5.0,10.0,Finished,0,Monaco Grand Prix,Monaco,RUS
2023_6,2023,6,leclerc,Ferrari,6.0,6.0,8.0,Finished,0,Monaco Grand Prix,Monaco,LEC
2023_6,2023,6,gasly,Alpine,7.0,7.0,6.0,Finished,0,Monaco Grand Prix,Monaco,GAS
2023_6,2023,6,sainz,Ferrari,4.0,8.0,4.0,Finished,0,Monaco Grand Prix,Monaco,SAI
2023_6,2023,6,norris,McLaren,10.0,9.0,2.0,Lapped,0,Monaco Grand Prix,Monaco,NOR
2023_6,2023,6,piastri,McLaren,11.0,10.0,1.0,Lapped,0,Monaco Grand Prix,Monaco,PIA
2023_6,2023,6,bottas,Alfa Romeo,15.0,11.0,0.0,Lapped,0,Monaco Grand Prix,Monaco,BOT
2023_6,2023,6,de_vries,AlphaTauri,12.0,12.0,0.0,Lapped,0,Monaco Grand Prix,Monaco,DEV
2023_6,2023,6,zhou,Alfa Romeo,19.0,13.0,0.0,Lapped,0,Monaco Grand Prix,Monaco,ZHO
2023_6,2023,6,albon,Williams,13.0,14.0,0.0,Lapped,0,Monaco Grand Prix,Monaco,ALB
2023_6,2023,6,tsunoda,AlphaTauri,9.0,15.0,0.0,Lapped,0,Monaco Grand Prix,Monaco,TSU
2023_6,2023,6,perez,Red Bull Racing,20.0,16.0,0.0,Lapped,0,Monaco Grand Prix,Monaco,PER
2023_6,2023,6,hulkenberg,Haas F1 Team,18.0,17.0,0.0,Lapped,0,Monaco Grand Prix,Monaco,HUL
2023_6,2023,6,sargeant,Williams,16.0,18.0,0.0,Lapped,0,Monaco Grand Prix,Monaco,SAR
2023_6,2023,6,kevin_magnussen,Haas F1 Team,17.0,19.0,0.0,Retired,0,Monaco Grand Prix,Monaco,MAG
2023_6,2023,6,stroll,Aston Martin,14.0,20.0,0.0,Retired,0,Monaco Grand Prix,Monaco,STR
2023_7,2023,7,max_verstappen,Red Bull Racing,1.0,1.0,26.0,Finished,1,Spanish Grand Prix,Barcelona,VER
2023_7,2023,7,hamilton,Mercedes,4.0,2.0,18.0,Finished,0,Spanish Grand Prix,Barcelona,HAM
2023_7,2023,7,russell,Mercedes,12.0,3.0,15.0,Finished,0,Spanish Grand Prix,Barcelona,RUS
2023_7,2023,7,perez,Red Bull Racing,11.0,4.0,12.0,Finished,0,Spanish Grand Prix,Barcelona,PER
2023_7,2023,7,sainz,Ferrari,2.0,5.0,10.0,Finished,0,Spanish Grand Prix,Barcelona,SAI
2023_7,2023,7,stroll,Aston Martin,5.0,6.0,8.0,Finished,0,Spanish Grand Prix,Barcelona,STR
2023_7,2023,7,alonso,Aston Martin,8.0,7.0,6.0,Finished,0,Spanish Grand Prix,Barcelona,ALO
2023_7,2023,7,ocon,Alpine,6.0,8.0,4.0,Finished,0,Spanish Grand Prix,Barcelona,OCO
2023_7,2023,7,zhou,Alfa Romeo,13.0,9.0,2.0,Finished,0,Spanish Grand Prix,Barcelona,ZHO
2023_7,2023,7,gasly,Alpine,10.0,10.0,1.0,Finished,0,Spanish Grand Prix,Barcelona,GAS
2023_7,2023,7,leclerc,Ferrari,19.0,11.0,0.0,Finished,0,Spanish Grand Prix,Barcelona,LEC
2023_7,2023,7,tsunoda,AlphaTauri,15.0,12.0,0.0,Finished,0,Spanish Grand Prix,Barcelona,TSU
2023_7,2023,7,piastri,McLaren,9.0,13.0,0.0,Lapped,0,Spanish Grand Prix,Barcelona,PIA
2023_7,2023,7,de_vries,AlphaTauri,14.0,14.0,0.0,Lapped,0,Spanish Grand Prix,Barcelona,DEV
2023_7,2023,7,hulkenberg,Haas F1 Team,7.0,15.0,0.0,Lapped,0,Spanish Grand Prix,Barcelona,HUL
2023_7,2023,7,albon,Williams,18.0,16.0,0.0,Lapped,0,Spanish Grand Prix,Barcelona,ALB
2023_7,2023,7,norris,McLaren,3.0,17.0,0.0,Lapped,0,Spanish Grand Prix,Barcelona,NOR
2023_7,2023,7,kevin_magnussen,Haas F1 Team,17.0,18.0,0.0,Lapped,0,Spanish Grand Prix,Barcelona,MAG
2023_7,2023,7,bottas,Alfa Romeo,16.0,19.0,0.0,Lapped,0,Spanish Grand Prix,Barcelona,BOT
2023_7,2023,7,sargeant,Williams,20.0,20.0,0.0,Lapped,0,Spanish Grand Prix,Barcelona,SAR
2023_8,2023,8,max_verstappen,Red Bull Racing,1.0,1.0,25.0,Finished,1,Canadian Grand Prix,Montréal,VER
2023_8,2023,8,alonso,Aston Martin,2.0,2.0,18.0,Finished,0,Canadian Grand Prix,Montréal,ALO
2023_8,2023,8,hamilton,Mercedes,3.0,3.0,15.0,Finished,0,Canadian Grand Prix,Montréal,HAM
2023_8,2023,8,leclerc,Ferrari,10.0,4.0,12.0,Finished,0,Canadian Grand Prix,Montréal,LEC
2023_8,2023,8,sainz,Ferrari,11.0,5.0,10.0,Finished,0,Canadian Grand Prix,Montréal,SAI
2023_8,2023,8,perez,Red Bull Racing,12.0,6.0,9.0,Finished,0,Canadian Grand Prix,Montréal,PER
2023_8,2023,8,albon,Williams,9.0,7.0,6.0,Finished,0,Canadian Grand Prix,Montréal,ALB
2023_8,2023,8,ocon,Alpine,6.0,8.0,4.0,Finished,0,Canadian Grand Prix,Montréal,OCO
2023_8,2023,8,stroll,Aston Martin,16.0,9.0,2.0,Finished,0,Canadian Grand Prix,Montréal,STR
2023_8,2023,8,bottas,Alfa Romeo,14.0,10.0,1.0,Finished,0,Canadian Grand Prix,Montréal,BOT
2023_8,2023,8,piastri,McLaren,8.0,11.0,0.0,Finished,0,Canadian Grand Prix,Montréal,PIA
2023_8,2023,8,gasly,Alpine,15.0,12.0,0.0,Finished,0,Canadian Grand Prix,Montréal,GAS
2023_8,2023,8,norris,McLaren,7.0,13.0,0.0,Finished,0,Canadian Grand Prix,Montréal,NOR
2023_8,2023,8,tsunoda,AlphaTauri,19.0,14.0,0.0,Finished,0,Canadian Grand Prix,Montréal,TSU
2023_8,2023,8,hulkenberg,Haas F1 Team,5.0,15.0,0.0,Lapped,0,Canadian Grand Prix,Montréal,HUL
2023_8,2023,8,zhou,Alfa Romeo,20.0,16.0,0.0,Lapped,0,Canadian Grand Prix,Montréal,ZHO
2023_8,2023,8,kevin_magnussen,Haas F1 Team,13.0,17.0,0.0,Lapped,0,Canadian Grand Prix,Montréal,MAG
2023_8,2023,8,de_vries,AlphaTauri,17.0,18.0,0.0,Lapped,0,Canadian Grand Prix,Montréal,DEV
2023_8,2023,8,russell,Mercedes,4.0,19.0,0.0,Retired,0,Canadian Grand Prix,Montréal,RUS
2023_8,2023,8,sargeant,Williams,18.0,20.0,0.0,Retired,0,Canadian Grand Prix,Montréal,SAR
2023_10,2023,10,max_verstappen,Red Bull Racing,1.0,1.0,26.0,Finished,1,British Grand Prix,Silverstone,VER
2023_10,2023,10,norris,McLaren,2.0,2.0,18.0,Finished,0,British Grand Prix,Silverstone,NOR
2023_10,2023,10,hamilton,Mercedes,7.0,3.0,15.0,Finished,0,British Grand Prix,Silverstone,HAM
2023_10,2023,10,piastri,McLaren,3.0,4.0,12.0,Finished,0,British Grand Prix,Silverstone,PIA
2023_10,2023,10,russell,Mercedes,6.0,5.0,10.0,Finished,0,British Grand Prix,Silverstone,RUS
2023_10,2023,10,perez,Red Bull Racing,15.0,6.0,8.0,Finished,0,British Grand Prix,Silverstone,PER
2023_10,2023,10,alonso,Aston Martin,9.0,7.0,6.0,Finished,0,British Grand Prix,Silverstone,ALO
2023_10,2023,10,albon,Williams,8.0,8.0,4.0,Finished,0,British Grand Prix,Silverstone,ALB
2023_10,2023,10,leclerc,Ferrari,4.0,9.0,2.0,Finished,0,British Grand Prix,Silverstone,LEC
2023_10,2023,10,sainz,Ferrari,5.0,10.0,1.0,Finished,0,British Grand Prix,Silverstone,SAI
2023_10,2023,10,sargeant,Williams,14.0,11.0,0.0,Finished,0,British Grand Prix,Silverstone,SAR
2023_10,2023,10,bottas,Alfa Romeo,20.0,12.0,0.0,Finished,0,British Grand Prix,Silverstone,BOT
2023_10,2023,10,hulkenberg,Haas F1 Team,11.0,13.0,0.0,Finished,0,British Grand Prix,Silverstone,HUL
2023_10,2023,10,stroll,Aston Martin,12.0,14.0,0.0,Finished,0,British Grand Prix,Silverstone,STR
2023_10,2023,10,zhou,Alfa Romeo,17.0,15.0,0.0,Finished,0,British Grand Prix,Silverstone,ZHO
2023_10,2023,10,tsunoda,AlphaTauri,16.0,16.0,0.0,Finished,0,British Grand Prix,Silverstone,TSU
2023_10,2023,10,de_vries,AlphaTauri,18.0,17.0,0.0,Finished,0,British Grand Prix,Silverstone,DEV
2023_10,2023,10,gasly,Alpine,10.0,18.0,0.0,Retired,0,British Grand Prix,Silverstone,GAS
2023_10,2023,10,kevin_magnussen,Haas F1 Team,19.0,19.0,0.0,Retired,0,British Grand Prix,Silverstone,MAG
2023_10,2023,10,ocon,Alpine,13.0,20.0,0.0,Retired,0,British Grand Prix,Silverstone,OCO
2023_11,2023,11,max_verstappen,Red Bull Racing,2.0,1.0,26.0,Finished,1,Hungarian Grand Prix,Budapest,VER
2023_11,2023,11,norris,McLaren,3.0,2.0,18.0,Finished,0,Hungarian Grand Prix,Budapest,NOR
2023_11,2023,11,perez,Red Bull Racing,9.0,3.0,15.0,Finished,0,Hungarian Grand Prix,Budapest,PER
2023_11,2023,11,hamilton,Mercedes,1.0,4.0,12.0,Finished,0,Hungarian Grand Prix,Budapest,HAM
2023_11,2023,11,piastri,McLaren,4.0,5.0,10.0,Finished,0,Hungarian Grand Prix,Budapest,PIA
2023_11,2023,11,russell,Mercedes,18.0,6.0,8.0,Finished,0,Hungarian Grand Prix,Budapest,RUS
2023_11,2023,11,leclerc,Ferrari,6.0,7.0,6.0,Finished,0,Hungarian Grand Prix,Budapest,LEC
2023_11,2023,11,sainz,Ferrari,11.0,8.0,4.0,Finished,0,Hungarian Grand Prix,Budapest,SAI
2023_11,2023,11,alonso,Aston Martin,8.0,9.0,2.0,Finished,0,Hungarian Grand Prix,Budapest,ALO
2023_11,2023,11,stroll,Aston Martin,14.0,10.0,1.0,Lapped,0,Hungarian Grand Prix,Budapest,STR
2023_11,2023,11,albon,Williams,16.0,11.0,0.0,Lapped,0,Hungarian Grand Prix,Budapest,ALB
2023_11,2023,11,bottas,Alfa Romeo,7.0,12.0,0.0,Lapped,0,Hungarian Grand Prix,Budapest,BOT
2023_11,2023,11,ricciardo,AlphaTauri,13.0,13.0,0.0,Lapped,0,Hungarian Grand Prix,Budapest,RIC
2023_11,2023,11,hulkenberg,Haas F1 Team,10.0,14.0,0.0,Lapped,0,Hungarian Grand Prix,Budapest,HUL
2023_11,2023,11,tsunoda,AlphaTauri,17.0,15.0,0.0,Lapped,0,Hungarian Grand Prix,Budapest,TSU
2023_11,2023,11,zhou,Alfa Romeo,5.0,16.0,0.0,Lapped,0,Hungarian Grand Prix,Budapest,ZHO
2023_11,2023,11,kevin_magnussen,Haas F1 Team,19.0,17.0,0.0,Lapped,0,Hungarian Grand Prix,Budapest,MAG
2023_11,2023,11,sargeant,Williams,20.0,18.0,0.0,Retired,0,Hungarian Grand Prix,Budapest,SAR
2023_11,2023,11,ocon,Alpine,12.0,19.0,0.0,Retired,0,Hungarian Grand Prix,Budapest,OCO
2023_11,2023,11,gasly,Alpine,15.0,20.0,0.0,Retired,0,Hungarian Grand Prix,Budapest,GAS
2023_13,2023,13,max_verstappen,Red Bull Racing,1.0,1.0,25.0,Finished,1,Dutch Grand Prix,Zandvoort,VER
2023_13,2023,13,alonso,Aston Martin,5.0,2.0,19.0,Finished,0,Dutch Grand Prix,Zandvoort,ALO
2023_13,2023,13,gasly,Alpine,12.0,3.0,15.0,Finished,0,Dutch Grand Prix,Zandvoort,GAS
2023_13,2023,13,perez,Red Bull Racing,7.0,4.0,12.0,Finished,0,Dutch Grand Prix,Zandvoort,PER
2023_13,2023,13,sainz,Ferrari,6.0,5.0,10.0,Finished,0,Dutch Grand Prix,Zandvoort,SAI
2023_13,2023,13,hamilton,Mercedes,13.0,6.0,8.0,Finished,0,Dutch Grand Prix,Zandvoort,HAM
2023_13,2023,13,norris,McLaren,2.0,7.0,6.0,Finished,0,Dutch Grand Prix,Zandvoort,NOR
2023_13,2023,13,albon,Williams,4.0,8.0,4.0,Finished,0,Dutch Grand Prix,Zandvoort,ALB
2023_13,2023,13,piastri,McLaren,8.0,9.0,2.0,Finished,0,Dutch Grand Prix,Zandvoort,PIA
2023_13,2023,13,ocon,Alpine,16.0,10.0,1.0,Finished,0,Dutch Grand Prix,Zandvoort,OCO
2023_13,2023,13,stroll,Aston Martin,11.0,11.0,0.0,Finished,0,Dutch Grand Prix,Zandvoort,STR
2023_13,2023,13,hulkenberg,Haas F1 Team,14.0,12.0,0.0,Finished,0,Dutch Grand Prix,Zandvoort,HUL
2023_13,2023,13,lawson,AlphaTauri,19.0,13.0,0.0,Finished,0,Dutch Grand Prix,Zandvoort,LAW
2023_13,2023,13,bottas,Alfa Romeo,18.0,14.0,0.0,Finished,0,Dutch Grand Prix,Zandvoort,BOT
2023_13,2023,13,tsunoda,AlphaTauri,17.0,15.0,0.0,Finished,0,Dutch Grand Prix,Zandvoort,TSU
2023_13,2023,13,kevin_magnussen,Haas F1 Team,0.0,16.0,0.0,Finished,0,Dutch Grand Prix,Zandvoort,MAG
2023_13,2023,13,russell,Mercedes,3.0,17.0,0.0,Finished,0,Dutch Grand Prix,Zandvoort,RUS
2023_13,2023,13,zhou,Alfa Romeo,15.0,18.0,0.0,Accident,0,Dutch Grand Prix,Zandvoort,ZHO
2023_13,2023,13,leclerc,Ferrari,9.0,19.0,0.0,Undertray,0,Dutch Grand Prix,Zandvoort,LEC
2023_13,2023,13,sargeant,Williams,10.0,20.0,0.0,Accident,0,Dutch Grand Prix,Zandvoort,SAR
2023_14,2023,14,max_verstappen,Red Bull Racing,2.0,1.0,25.0,Finished,1,Italian Grand Prix,Monza,VER
2023_14,2023,14,perez,Red Bull Racing,5.0,2.0,18.0,Finished,0,Italian Grand Prix,Monza,PER
2023_14,2023,14,sainz,Ferrari,1.0,3.0,15.0,Finished,0,Italian Grand Prix,Monza,SAI
2023_14,2023,14,leclerc,Ferrari,3.0,4.0,12.0,Finished,0,Italian Grand Prix,Monza,LEC
2023_14,2023,14,russell,Mercedes,4.0,5.0,10.0,Finished,0,Italian Grand Prix,Monza,RUS
2023_14,2023,14,hamilton,Mercedes,8.0,6.0,8.0,Finished,0,Italian Grand Prix,Monza,HAM
2023_14,2023,14,albon,Williams,6.0,7.0,6.0,Finished,0,Italian Grand Prix,Monza,ALB
2023_14,2023,14,norris,McLaren,9.0,8.0,4.0,Finished,0,Italian Grand Prix,Monza,NOR
2023_14,2023,14,alonso,Aston Martin,10.0,9.0,2.0,Finished,0,Italian Grand Prix,Monza,ALO
2023_14,2023,14,bottas,Alfa Romeo,14.0,10.0,1.0,Finished,0,Italian Grand Prix,Monza,BOT
2023_14,2023,14,lawson,AlphaTauri,12.0,11.0,0.0,Finished,0,Italian Grand Prix,Monza,LAW
2023_14,2023,14,piastri,McLaren,7.0,12.0,0.0,Finished,0,Italian Grand Prix,Monza,PIA
2023_14,2023,14,sargeant,Williams,15.0,13.0,0.0,Finished,0,Italian Grand Prix,Monza,SAR
2023_14,2023,14,zhou,Alfa Romeo,16.0,14.0,0.0,Finished,0,Italian Grand Prix,Monza,ZHO
2023_14,2023,14,gasly,Alpine,17.0,15.0,0.0,Finished,0,Italian Grand Prix,Monza,GAS
2023_14,2023,14,stroll,Aston Martin,20.0,16.0,0.0,Finished,0,Italian Grand Prix,Monza,STR
2023_14,2023,14,hulkenberg,Haas F1 Team,13.0,17.0,0.0,Lapped,0,Italian Grand Prix,Monza,HUL
2023_14,2023,14,kevin_magnussen,Haas F1 Team,19.0,18.0,0.0,Lapped,0,Italian Grand Prix,Monza,MAG
2023_14,2023,14,ocon,Alpine,18.0,19.0,0.0,Retired,0,Italian Grand Prix,Monza,OCO
2023_14,2023,14,tsunoda,AlphaTauri,11.0,20.0,0.0,Did not start,0,Italian Grand Prix,Monza,TSU
2023_15,2023,15,sainz,Ferrari,1.0,1.0,25.0,Finished,1,Singapore Grand Prix,Marina Bay,SAI
2023_15,2023,15,norris,McLaren,4.0,2.0,18.0,Finished,0,Singapore Grand Prix,Marina Bay,NOR
2023_15,2023,15,hamilton,Mercedes,5.0,3.0,16.0,Finished,0,Singapore Grand Prix,Marina Bay,HAM
2023_15,2023,15,leclerc,Ferrari,3.0,4.0,12.0,Finished,0,Singapore Grand Prix,Marina Bay,LEC
2023_15,2023,15,max_verstappen,Red Bull Racing,11.0,5.0,10.0,Finished,0,Singapore Grand Prix,Marina Bay,VER
2023_15,2023,15,gasly,Alpine,12.0,6.0,8.0,Finished,0,Singapore Grand Prix,Marina Bay,GAS
2023_15,2023,15,piastri,McLaren,17.0,7.0,6.0,Finished,0,Singapore Grand Prix,Marina Bay,PIA
2023_15,2023,15,perez,Red Bull Racing,13.0,8.0,4.0,Finished,0,Singapore Grand Prix,Marina Bay,PER
2023_15,2023,15,lawson,AlphaTauri,10.0,9.0,2.0,Finished,0,Singapore Grand Prix,Marina Bay,LAW
2023_15,2023,15,kevin_magnussen,Haas F1 Team,6.0,10.0,1.0,Finished,0,Singapore Grand Prix,Marina Bay,MAG
2023_15,2023,15,albon,Williams,14.0,11.0,0.0,Finished,0,Singapore Grand Prix,Marina Bay,ALB
2023_15,2023,15,zhou,Alfa Romeo,19.0,12.0,0.0,Finished,0,Singapore Grand Prix,Marina Bay,ZHO
2023_15,2023,15,hulkenberg,Haas F1 Team,9.0,13.0,0.0,Finished,0,Singapore Grand Prix,Marina Bay,HUL
2023_15,2023,15,sargeant,Williams,18.0,14.0,0.0,Finished,0,Singapore Grand Prix,Marina Bay,SAR
2023_15,2023,15,alonso,Aston Martin,7.0,15.0,0.0,Finished,0,Singapore Grand Prix,Marina Bay,ALO
2023_15,2023,15,russell,Mercedes,2.0,16.0,0.0,Retired,0,Singapore Grand Prix,Marina Bay,RUS
2023_15,2023,15,bottas,Alfa Romeo,16.0,17.0,0.0,Retired,0,Singapore Grand Prix,Marina Bay,BOT
2023_15,2023,15,ocon,Alpine,8.0,18.0,0.0,Retired,0,Singapore Grand Prix,Marina Bay,OCO
2023_15,2023,15,tsunoda,AlphaTauri,15.0,19.0,0.0,Retired,0,Singapore Grand Prix,Marina Bay,TSU
2023_15,2023,15,stroll,Aston Martin,,,0.0,Withdrew,0,Singapore Grand Prix,Marina Bay,STR
2023_16,2023,16,max_verstappen,Red Bull Racing,1.0,1.0,26.0,Finished,1,Japanese Grand Prix,Suzuka,VER
2023_16,2023,16,norris,McLaren,3.0,2.0,18.0,Finished,0,Japanese Grand Prix,Suzuka,NOR
2023_16,2023,16,piastri,McLaren,2.0,3.0,15.0,Finished,0,Japanese Grand Prix,Suzuka,PIA
2023_16,2023,16,leclerc,Ferrari,4.0,4.0,12.0,Finished,0,Japanese Grand Prix,Suzuka,LEC
2023_16,2023,16,hamilton,Mercedes,7.0,5.0,10.0,Finished,0,Japanese Grand Prix,Suzuka,HAM
2023_16,2023,16,sainz,Ferrari,6.0,6.0,8.0,Finished,0,Japanese Grand Prix,Suzuka,SAI
2023_16,2023,16,russell,Mercedes,8.0,7.0,6.0,Finished,0,Japanese Grand Prix,Suzuka,RUS
2023_16,2023,16,alonso,Aston Martin,10.0,8.0,4.0,Finished,0,Japanese Grand Prix,Suzuka,ALO
2023_16,2023,16,ocon,Alpine,14.0,9.0,2.0,Finished,0,Japanese Grand Prix,Suzuka,OCO
2023_16,2023,16,gasly,Alpine,12.0,10.0,1.0,Finished,0,Japanese Grand Prix,Suzuka,GAS
2023_16,2023,16,lawson,AlphaTauri,11.0,11.0,0.0,Lapped,0,Japanese Grand Prix,Suzuka,LAW
2023_16,2023,16,tsunoda,AlphaTauri,9.0,12.0,0.0,Lapped,0,Japanese Grand Prix,Suzuka,TSU
2023_16,2023,16,zhou,Alfa Romeo,19.0,13.0,0.0,Lapped,0,Japanese Grand Prix,Suzuka,ZHO
2023_16,2023,16,hulkenberg,Haas F1 Team,18.0,14.0,0.0,Lapped,0,Japanese Grand Prix,Suzuka,HUL
2023_16,2023,16,kevin_magnussen,Haas F1 Team,15.0,15.0,0.0,Lapped,0,Japanese Grand Prix,Suzuka,MAG
2023_16,2023,16,albon,Williams,13.0,16.0,0.0,Retired,0,Japanese Grand Prix,Suzuka,ALB
2023_16,2023,16,sargeant,Williams,20.0,17.0,0.0,Retired,0,Japanese Grand Prix,Suzuka,SAR
2023_16,2023,16,stroll,Aston Martin,17.0,18.0,0.0,Retired,0,Japanese Grand Prix,Suzuka,STR
2023_16,2023,16,perez,Red Bull Racing,5.0,19.0,0.0,Retired,0,Japanese Grand Prix,Suzuka,PER
2023_16,2023,16,bottas,Alfa Romeo,16.0,20.0,0.0,Retired,0,Japanese Grand Prix,Suzuka,BOT
2023_19,2023,19,max_verstappen,Red Bull Racing,3.0,1.0,25.0,Finished,1,Mexico City Grand Prix,Mexico City,VER
2023_19,2023,19,hamilton,Mercedes,6.0,2.0,19.0,Finished,0,Mexico City Grand Prix,Mexico City,HAM
2023_19,2023,19,leclerc,Ferrari,1.0,3.0,15.0,Finished,0,Mexico City Grand Prix,Mexico City,LEC
2023_19,2023,19,sainz,Ferrari,2.0,4.0,12.0,Finished,0,Mexico City Grand Prix,Mexico City,SAI
2023_19,2023,19,norris,McLaren,17.0,5.0,10.0,Finished,0,Mexico City Grand Prix,Mexico City,NOR
2023_19,2023,19,russell,Mercedes,8.0,6.0,8.0,Finished,0,Mexico City Grand Prix,Mexico City,RUS
2023_19,2023,19,ricciardo,AlphaTauri,4.0,7.0,6.0,Finished,0,Mexico City Grand Prix,Mexico City,RIC
2023_19,2023,19,piastri,McLaren,7.0,8.0,4.0,Finished,0,Mexico City Grand Prix,Mexico City,PIA
2023_19,2023,19,albon,Williams,14.0,9.0,2.0,Finished,0,Mexico City Grand Prix,Mexico City,ALB
2023_19,2023,19,ocon,Alpine,15.0,10.0,1.0,Finished,0,Mexico City Grand Prix,Mexico City,OCO
2023_19,2023,19,gasly,Alpine,11.0,11.0,0.0,Finished,0,Mexico City Grand Prix,Mexico City,GAS
2023_19,2023,19,tsunoda,AlphaTauri,18.0,12.0,0.0,Finished,0,Mexico City Grand Prix,Mexico City,TSU
2023_19,2023,19,hulkenberg,Haas F1 Team,12.0,13.0,0.0,Finished,0,Mexico City Grand Prix,Mexico City,HUL
2023_19,2023,19,zhou,Alfa Romeo,10.0,14.0,0.0,Finished,0,Mexico City Grand Prix,Mexico City,ZHO
2023_19,2023,19,bottas,Alfa Romeo,9.0,15.0,0.0,Finished,0,Mexico City Grand Prix,Mexico City,BOT
2023_19,2023,19,sargeant,Williams,19.0,16.0,0.0,Retired,0,Mexico City Grand Prix,Mexico City,SAR
2023_19,2023,19,stroll,Aston Martin,0.0,17.0,0.0,Collision damage,0,Mexico City Grand Prix,Mexico City,STR
2023_19,2023,19,alonso,Aston Martin,13.0,18.0,0.0,Withdrew,0,Mexico City Grand Prix,Mexico City,ALO
2023_19,2023,19,kevin_magnussen,Haas F1 Team,16.0,19.0,0.0,Accident,0,Mexico City Grand Prix,Mexico City,MAG
2023_19,2023,19,perez,Red Bull Racing,5.0,20.0,0.0,Collision damage,0,Mexico City Grand Prix,Mexico City,PER
2023_21,2023,21,max_verstappen,Red Bull Racing,2.0,1.0,25.0,Finished,1,Las Vegas Grand Prix,Las Vegas,VER
2023_21,2023,21,leclerc,Ferrari,1.0,2.0,18.0,Finished,0,Las Vegas Grand Prix,Las Vegas,LEC
2023_21,2023,21,perez,Red Bull Racing,11.0,3.0,15.0,Finished,0,Las Vegas Grand Prix,Las Vegas,PER
2023_21,2023,21,ocon,Alpine,16.0,4.0,12.0,Finished,0,Las Vegas Grand Prix,Las Vegas,OCO
2023_21,2023,21,stroll,Aston Martin,19.0,5.0,10.0,Finished,0,Las Vegas Grand Prix,Las Vegas,STR
2023_21,2023,21,sainz,Ferrari,12.0,6.0,8.0,Finished,0,Las Vegas Grand Prix,Las Vegas,SAI
2023_21,2023,21,hamilton,Mercedes,10.0,7.0,6.0,Finished,0,Las Vegas Grand Prix,Las Vegas,HAM
2023_21,2023,21,russell,Mercedes,3.0,8.0,4.0,Finished,0,Las Vegas Grand Prix,Las Vegas,RUS
2023_21,2023,21,alonso,Aston Martin,9.0,9.0,2.0,Finished,0,Las Vegas Grand Prix,Las Vegas,ALO
2023_21,2023,21,piastri,McLaren,18.0,10.0,2.0,Finished,0,Las Vegas Grand Prix,Las Vegas,PIA
2023_21,2023,21,gasly,Alpine,4.0,11.0,0.0,Finished,0,Las Vegas Grand Prix,Las Vegas,GAS
2023_21,2023,21,albon,Williams,5.0,12.0,0.0,Finished,0,Las Vegas Grand Prix,Las Vegas,ALB
2023_21,2023,21,kevin_magnussen,Haas F1 Team,8.0,13.0,0.0,Finished,0,Las Vegas Grand Prix,Las Vegas,MAG
2023_21,2023,21,ricciardo,AlphaTauri,14.0,14.0,0.0,Finished,0,Las Vegas Grand Prix,Las Vegas,RIC
2023_21,2023,21,zhou,Alfa Romeo,17.0,15.0,0.0,Finished,0,Las Vegas Grand Prix,Las Vegas,ZHO
2023_21,2023,21,sargeant,Williams,6.0,16.0,0.0,Finished,0,Las Vegas Grand Prix,Las Vegas,SAR
2023_21,2023,21,bottas,Alfa Romeo,7.0,17.0,0.0,Finished,0,Las Vegas Grand Prix,Las Vegas,BOT
2023_21,2023,21,tsunoda,AlphaTauri,20.0,18.0,0.0,Retired,0,Las Vegas Grand Prix,Las Vegas,TSU
2023_21,2023,21,hulkenberg,Haas F1 Team,13.0,19.0,0.0,Retired,0,Las Vegas Grand Prix,Las Vegas,HUL
2023_21,2023,21,norris,McLaren,15.0,20.0,0.0,Retired,0,Las Vegas Grand Prix,Las Vegas,NOR
2023_22,2023,22,max_verstappen,Red Bull Racing,1.0,1.0,26.0,Finished,1,Abu Dhabi Grand Prix,Yas Island,VER
2023_22,2023,22,leclerc,Ferrari,2.0,2.0,18.0,Finished,0,Abu Dhabi Grand Prix,Yas Island,LEC
2023_22,2023,22,russell,Mercedes,4.0,3.0,15.0,Finished,0,Abu Dhabi Grand Prix,Yas Island,RUS
2023_22,2023,22,perez,Red Bull Racing,9.0,4.0,12.0,Finished,0,Abu Dhabi Grand Prix,Yas Island,PER
2023_22,2023,22,norris,McLaren,5.0,5.0,10.0,Finished,0,Abu Dhabi Grand Prix,Yas Island,NOR
2023_22,2023,22,piastri,McLaren,3.0,6.0,8.0,Finished,0,Abu Dhabi Grand Prix,Yas Island,PIA
2023_22,2023,22,alonso,Aston Martin,7.0,7.0,6.0,Finished,0,Abu Dhabi Grand Prix,Yas Island,ALO
2023_22,2023,22,tsunoda,AlphaTauri,6.0,8.0,4.0,Finished,0,Abu Dhabi Grand Prix,Yas Island,TSU
2023_22,2023,22,hamilton,Mercedes,11.0,9.0,2.0,Finished,0,Abu Dhabi Grand Prix,Yas Island,HAM
2023_22,2023,22,stroll,Aston Martin,13.0,10.0,1.0,Finished,0,Abu Dhabi Grand Prix,Yas Island,STR
2023_22,2023,22,ricciardo,AlphaTauri,15.0,11.0,0.0,Finished,0,Abu Dhabi Grand Prix,Yas Island,RIC
2023_22,2023,22,ocon,Alpine,12.0,12.0,0.0,Finished,0,Abu Dhabi Grand Prix,Yas Island,OCO
2023_22,2023,22,gasly,Alpine,10.0,13.0,0.0,Finished,0,Abu Dhabi Grand Prix,Yas Island,GAS
2023_22,2023,22,albon,Williams,14.0,14.0,0.0,Finished,0,Abu Dhabi Grand Prix,Yas Island,ALB
2023_22,2023,22,hulkenberg,Haas F1 Team,8.0,15.0,0.0,Finished,0,Abu Dhabi Grand Prix,Yas Island,HUL
2023_22,2023,22,sargeant,Williams,20.0,16.0,0.0,Finished,0,Abu Dhabi Grand Prix,Yas Island,SAR
2023_22,2023,22,zhou,Alfa Romeo,19.0,17.0,0.0,Finished,0,Abu Dhabi Grand Prix,Yas Island,ZHO
2023_22,2023,22,sainz,Ferrari,16.0,18.0,0.0,Retired,0,Abu Dhabi Grand Prix,Yas Island,SAI
2023_22,2023,22,bottas,Alfa Romeo,18.0,19.0,0.0,Lapped,0,Abu Dhabi Grand Prix,Yas Island,BOT
2023_22,2023,22,kevin_magnussen,Haas F1 Team,17.0,20.0,0.0,Lapped,0,Abu Dhabi Grand Prix,Yas Island,MAG
2024_1,2024,1,max_verstappen,Red Bull Racing,1.0,1.0,26.0,Finished,1,Bahrain Grand Prix,Sakhir,VER
2024_1,2024,1,perez,Red Bull Racing,5.0,2.0,18.0,Finished,0,Bahrain Grand Prix,Sakhir,PER
2024_1,2024,1,sainz,Ferrari,4.0,3.0,15.0,Finished,0,Bahrain Grand Prix,Sakhir,SAI
2024_1,2024,1,leclerc,Ferrari,2.0,4.0,12.0,Finished,0,Bahrain Grand Prix,Sakhir,LEC
2024_1,2024,1,russell,Mercedes,3.0,5.0,10.0,Finished,0,Bahrain Grand Prix,Sakhir,RUS
2024_1,2024,1,norris,McLaren,7.0,6.0,8.0,Finished,0,Bahrain Grand Prix,Sakhir,NOR
2024_1,2024,1,hamilton,Mercedes,9.0,7.0,6.0,Finished,0,Bahrain Grand Prix,Sakhir,HAM
2024_1,2024,1,piastri,McLaren,8.0,8.0,4.0,Finished,0,Bahrain Grand Prix,Sakhir,PIA
2024_1,2024,1,alonso,Aston Martin,6.0,9.0,2.0,Finished,0,Bahrain Grand Prix,Sakhir,ALO
2024_1,2024,1,stroll,Aston Martin,12.0,10.0,1.0,Finished,0,Bahrain Grand Prix,Sakhir,STR
2024_1,2024,1,zhou,Kick Sauber,17.0,11.0,0.0,Lapped,0,Bahrain Grand Prix,Sakhir,ZHO
2024_1,2024,1,kevin_magnussen,Haas F1 Team,15.0,12.0,0.0,Lapped,0,Bahrain Grand Prix,Sakhir,MAG
2024_1,2024,1,ricciardo,RB,14.0,13.0,0.0,Lapped,0,Bahrain Grand Prix,Sakhir,RIC
2024_1,2024,1,tsunoda,RB,11.0,14.0,0.0,Lapped,0,Bahrain Grand Prix,Sakhir,TSU
2024_1,2024,1,albon,Williams,13.0,15.0,0.0,Lapped,0,Bahrain Grand Prix,Sakhir,ALB
2024_1,2024,1,hulkenberg,Haas F1 Team,10.0,16.0,0.0,Lapped,0,Bahrain Grand Prix,Sakhir,HUL
2024_1,2024,1,ocon,Alpine,19.0,17.0,0.0,Lapped,0,Bahrain Grand Prix,Sakhir,OCO
2024_1,2024,1,gasly,Alpine,20.0,18.0,0.0,Lapped,0,Bahrain Grand Prix,Sakhir,GAS
2024_1,2024,1,bottas,Kick Sauber,16.0,19.0,0.0,Lapped,0,Bahrain Grand Prix,Sakhir,BOT
2024_1,2024,1,sargeant,Williams,18.0,20.0,0.0,Lapped,0,Bahrain Grand Prix,Sakhir,SAR
2024_2,2024,2,max_verstappen,Red Bull Racing,1.0,1.0,25.0,Finished,1,Saudi Arabian Grand Prix,Jeddah,VER
2024_2,2024,2,perez,Red Bull Racing,3.0,2.0,18.0,Finished,0,Saudi Arabian Grand Prix,Jeddah,PER
2024_2,2024,2,leclerc,Ferrari,2.0,3.0,16.0,Finished,0,Saudi Arabian Grand Prix,Jeddah,LEC
2024_2,2024,2,piastri,McLaren,5.0,4.0,12.0,Finished,0,Saudi Arabian Grand Prix,Jeddah,PIA
2024_2,2024,2,alonso,Aston Martin,4.0,5.0,10.0,Finished,0,Saudi Arabian Grand Prix,Jeddah,ALO
2024_2,2024,2,russell,Mercedes,7.0,6.0,8.0,Finished,0,Saudi Arabian Grand Prix,Jeddah,RUS
2024_2,2024,2,bearman,Ferrari,11.0,7.0,6.0,Finished,0,Saudi Arabian Grand Prix,Jeddah,BEA
2024_2,2024,2,norris,McLaren,6.0,8.0,4.0,Finished,0,Saudi Arabian Grand Prix,Jeddah,NOR
2024_2,2024,2,hamilton,Mercedes,8.0,9.0,2.0,Finished,0,Saudi Arabian Grand Prix,Jeddah,HAM
2024_2,2024,2,hulkenberg,Haas F1 Team,15.0,10.0,1.0,Finished,0,Saudi Arabian Grand Prix,Jeddah,HUL
2024_2,2024,2,albon,Williams,12.0,11.0,0.0,Finished,0,Saudi Arabian Grand Prix,Jeddah,ALB
2024_2,2024,2,kevin_magnussen,Haas F1 Team,13.0,12.0,0.0,Finished,0,Saudi Arabian Grand Prix,Jeddah,MAG
2024_2,2024,2,ocon,Alpine,17.0,13.0,0.0,Lapped,0,Saudi Arabian Grand Prix,Jeddah,OCO
2024_2,2024,2,sargeant,Williams,19.0,14.0,0.0,Lapped,0,Saudi Arabian Grand Prix,Jeddah,SAR
2024_2,2024,2,tsunoda,RB,9.0,15.0,0.0,Lapped,0,Saudi Arabian Grand Prix,Jeddah,TSU
2024_2,2024,2,ricciardo,RB,14.0,16.0,0.0,Lapped,0,Saudi Arabian Grand Prix,Jeddah,RIC
2024_2,2024,2,bottas,Kick Sauber,16.0,17.0,0.0,Lapped,0,Saudi Arabian Grand Prix,Jeddah,BOT
2024_2,2024,2,zhou,Kick Sauber,20.0,18.0,0.0,Lapped,0,Saudi Arabian Grand Prix,Jeddah,ZHO
2024_2,2024,2,stroll,Aston Martin,10.0,19.0,0.0,Retired,0,Saudi Arabian Grand Prix,Jeddah,STR
2024_2,2024,2,gasly,Alpine,18.0,20.0,0.0,Retired,0,Saudi Arabian Grand Prix,Jeddah,GAS
2024_3,2024,3,sainz,Ferrari,2.0,1.0,25.0,Finished,1,Australian Grand Prix,Melbourne,SAI
2024_3,2024,3,leclerc,Ferrari,4.0,2.0,19.0,Finished,0,Australian Grand Prix,Melbourne,LEC
2024_3,2024,3,norris,McLaren,3.0,3.0,15.0,Finished,0,Australian Grand Prix,Melbourne,NOR
2024_3,2024,3,piastri,McLaren,5.0,4.0,12.0,Finished,0,Australian Grand Prix,Melbourne,PIA
2024_3,2024,3,perez,Red Bull Racing,6.0,5.0,10.0,Finished,0,Australian Grand Prix,Melbourne,PER
2024_3,2024,3,stroll,Aston Martin,9.0,6.0,8.0,Finished,0,Australian Grand Prix,Melbourne,STR
2024_3,2024,3,tsunoda,RB,8.0,7.0,6.0,Finished,0,Australian Grand Prix,Melbourne,TSU
2024_3,2024,3,alonso,Aston Martin,10.0,8.0,4.0,Finished,0,Australian Grand Prix,Melbourne,ALO
2024_3,2024,3,hulkenberg,Haas F1 Team,16.0,9.0,2.0,Finished,0,Australian Grand Prix,Melbourne,HUL
2024_3,2024,3,kevin_magnussen,Haas F1 Team,14.0,10.0,1.0,Lapped,0,Australian Grand Prix,Melbourne,MAG
2024_3,2024,3,albon,Williams,12.0,11.0,0.0,Lapped,0,Australian Grand Prix,Melbourne,ALB
2024_3,2024,3,ricciardo,RB,18.0,12.0,0.0,Lapped,0,Australian Grand Prix,Melbourne,RIC
2024_3,2024,3,gasly,Alpine,17.0,13.0,0.0,Lapped,0,Australian Grand Prix,Melbourne,GAS
2024_3,2024,3,bottas,Kick Sauber,13.0,14.0,0.0,Lapped,0,Australian Grand Prix,Melbourne,BOT
2024_3,2024,3,zhou,Kick Sauber,19.0,15.0,0.0,Lapped,0,Australian Grand Prix,Melbourne,ZHO
2024_3,2024,3,ocon,Alpine,15.0,16.0,0.0,Lapped,0,Australian Grand Prix,Melbourne,OCO
2024_3,2024,3,russell,Mercedes,7.0,17.0,0.0,Retired,0,Australian Grand Prix,Melbourne,RUS
2024_3,2024,3,hamilton,Mercedes,11.0,18.0,0.0,Retired,0,Australian Grand Prix,Melbourne,HAM
2024_3,2024,3,max_verstappen,Red Bull Racing,1.0,19.0,0.0,Retired,0,Australian Grand Prix,Melbourne,VER
2024_4,2024,4,max_verstappen,Red Bull Racing,1.0,1.0,26.0,Finished,1,Japanese Grand Prix,Suzuka,VER
2024_4,2024,4,perez,Red Bull Racing,2.0,2.0,18.0,Finished,0,Japanese Grand Prix,Suzuka,PER
2024_4,2024,4,sainz,Ferrari,4.0,3.0,15.0,Finished,0,Japanese Grand Prix,Suzuka,SAI
2024_4,2024,4,leclerc,Ferrari,8.0,4.0,12.0,Finished,0,Japanese Grand Prix,Suzuka,LEC
2024_4,2024,4,norris,McLaren,3.0,5.0,10.0,Finished,0,Japanese Grand Prix,Suzuka,NOR
2024_4,2024,4,alonso,Aston Martin,5.0,6.0,8.0,Finished,0,Japanese Grand Prix,Suzuka,ALO
2024_4,2024,4,russell,Mercedes,9.0,7.0,6.0,Finished,0,Japanese Grand Prix,Suzuka,RUS
2024_4,2024,4,piastri,McLaren,6.0,8.0,4.0,Finished,0,Japanese Grand Prix,Suzuka,PIA
2024_4,2024,4,hamilton,Mercedes,7.0,9.0,2.0,Finished,0,Japanese Grand Prix,Suzuka,HAM
2024_4,2024,4,tsunoda,RB,10.0,10.0,1.0,Lapped,0,Japanese Grand Prix,Suzuka,TSU
2024_4,2024,4,hulkenberg,Haas F1 Team,12.0,11.0,0.0,Lapped,0,Japanese Grand Prix,Suzuka,HUL
2024_4,2024,4,stroll,Aston Martin,16.0,12.0,0.0,Lapped,0,Japanese Grand Prix,Suzuka,STR
2024_4,2024,4,kevin_magnussen,Haas F1 Team,18.0,13.0,0.0,Lapped,0,Japanese Grand Prix,Suzuka,MAG
2024_4,2024,4,bottas,Kick Sauber,13.0,14.0,0.0,Lapped,0,Japanese Grand Prix,Suzuka,BOT
2024_4,2024,4,ocon,Alpine,15.0,15.0,0.0,Lapped,0,Japanese Grand Prix,Suzuka,OCO
2024_4,2024,4,gasly,Alpine,17.0,16.0,0.0,Lapped,0,Japanese Grand Prix,Suzuka,GAS
2024_4,2024,4,sargeant,Williams,19.0,17.0,0.0,Lapped,0,Japanese Grand Prix,Suzuka,SAR
2024_4,2024,4,zhou,Kick Sauber,20.0,18.0,0.0,Retired,0,Japanese Grand Prix,Suzuka,ZHO
2024_4,2024,4,ricciardo,RB,11.0,19.0,0.0,Retired,0,Japanese Grand Prix,Suzuka,RIC
2024_4,2024,4,albon,Williams,14.0,20.0,0.0,Retired,0,Japanese Grand Prix,Suzuka,ALB
2024_7,2024,7,max_verstappen,Red Bull Racing,1.0,1.0,25.0,Finished,1,Emilia Romagna Grand Prix,Imola,VER
2024_7,2024,7,norris,McLaren,2.0,2.0,18.0,Finished,0,Emilia Romagna Grand Prix,Imola,NOR
2024_7,2024,7,leclerc,Ferrari,3.0,3.0,15.0,Finished,0,Emilia Romagna Grand Prix,Imola,LEC
2024_7,2024,7,piastri,McLaren,5.0,4.0,12.0,Finished,0,Emilia Romagna Grand Prix,Imola,PIA
2024_7,2024,7,sainz,Ferrari,4.0,5.0,10.0,Finished,0,Emilia Romagna Grand Prix,Imola,SAI
2024_7,2024,7,hamilton,Mercedes,8.0,6.0,8.0,Finished,0,Emilia Romagna Grand Prix,Imola,HAM
2024_7,2024,7,russell,Mercedes,6.0,7.0,7.0,Finished,0,Emilia Romagna Grand Prix,Imola,RUS
2024_7,2024,7,perez,Red Bull Racing,11.0,8.0,4.0,Finished,0,Emilia Romagna Grand Prix,Imola,PER
2024_7,2024,7,stroll,Aston Martin,13.0,9.0,2.0,Finished,0,Emilia Romagna Grand Prix,Imola,STR
2024_7,2024,7,tsunoda,RB,7.0,10.0,1.0,Lapped,0,Emilia Romagna Grand Prix,Imola,TSU
2024_7,2024,7,hulkenberg,Haas F1 Team,10.0,11.0,0.0,Lapped,0,Emilia Romagna Grand Prix,Imola,HUL
2024_7,2024,7,kevin_magnussen,Haas F1 Team,18.0,12.0,0.0,Lapped,0,Emilia Romagna Grand Prix,Imola,MAG
2024_7,2024,7,ricciardo,RB,9.0,13.0,0.0,Lapped,0,Emilia Romagna Grand Prix,Imola,RIC
2024_7,2024,7,ocon,Alpine,12.0,14.0,0.0,Lapped,0,Emilia Romagna Grand Prix,Imola,OCO
2024_7,2024,7,zhou,Kick Sauber,17.0,15.0,0.0,Lapped,0,Emilia Romagna Grand Prix,Imola,ZHO
2024_7,2024,7,gasly,Alpine,15.0,16.0,0.0,Lapped,0,Emilia Romagna Grand Prix,Imola,GAS
2024_7,2024,7,sargeant,Williams,19.0,17.0,0.0,Lapped,0,Emilia Romagna Grand Prix,Imola,SAR
2024_7,2024,7,bottas,Kick Sauber,16.0,18.0,0.0,Lapped,0,Emilia Romagna Grand Prix,Imola,BOT
2024_7,2024,7,alonso,Aston Martin,20.0,19.0,0.0,Lapped,0,Emilia Romagna Grand Prix,Imola,ALO
2024_7,2024,7,albon,Williams,14.0,20.0,0.0,Retired,0,Emilia Romagna Grand Prix,Imola,ALB
2024_8,2024,8,leclerc,Ferrari,1.0,1.0,25.0,Finished,1,Monaco Grand Prix,Monaco,LEC
2024_8,2024,8,piastri,McLaren,2.0,2.0,18.0,Finished,0,Monaco Grand Prix,Monaco,PIA
2024_8,2024,8,sainz,Ferrari,3.0,3.0,15.0,Finished,0,Monaco Grand Prix,Monaco,SAI
2024_8,2024,8,norris,McLaren,4.0,4.0,12.0,Finished,0,Monaco Grand Prix,Monaco,NOR
2024_8,2024,8,russell,Mercedes,5.0,5.0,10.0,Finished,0,Monaco Grand Prix,Monaco,RUS
2024_8,2024,8,max_verstappen,Red Bull Racing,6.0,6.0,8.0,Finished,0,Monaco Grand Prix,Monaco,VER
2024_8,2024,8,hamilton,Mercedes,7.0,7.0,7.0,Finished,0,Monaco Grand Prix,Monaco,HAM
2024_8,2024,8,tsunoda,RB,8.0,8.0,4.0,Lapped,0,Monaco Grand Prix,Monaco,TSU
2024_8,2024,8,albon,Williams,9.0,9.0,2.0,Lapped,0,Monaco Grand Prix,Monaco,ALB
2024_8,2024,8,gasly,Alpine,10.0,10.0,1.0,Lapped,0,Monaco Grand Prix,Monaco,GAS
2024_8,2024,8,alonso,Aston Martin,14.0,11.0,0.0,Lapped,0,Monaco Grand Prix,Monaco,ALO
2024_8,2024,8,ricciardo,RB,12.0,12.0,0.0,Lapped,0,Monaco Grand Prix,Monaco,RIC
2024_8,2024,8,bottas,Kick Sauber,17.0,13.0,0.0,Lapped,0,Monaco Grand Prix,Monaco,BOT
2024_8,2024,8,stroll,Aston Martin,13.0,14.0,0.0,Lapped,0,Monaco Grand Prix,Monaco,STR
2024_8,2024,8,sargeant,Williams,15.0,15.0,0.0,Lapped,0,Monaco Grand Prix,Monaco,SAR
2024_8,2024,8,zhou,Kick Sauber,18.0,16.0,0.0,Lapped,0,Monaco Grand Prix,Monaco,ZHO
2024_8,2024,8,ocon,Alpine,11.0,17.0,0.0,Retired,0,Monaco Grand Prix,Monaco,OCO
2024_8,2024,8,perez,Red Bull Racing,16.0,18.0,0.0,Retired,0,Monaco Grand Prix,Monaco,PER
2024_8,2024,8,hulkenberg,Haas F1 Team,19.0,19.0,0.0,Retired,0,Monaco Grand Prix,Monaco,HUL
2024_8,2024,8,kevin_magnussen,Haas F1 Team,20.0,20.0,0.0,Retired,0,Monaco Grand Prix,Monaco,MAG
2024_9,2024,9,max_verstappen,Red Bull Racing,2.0,1.0,25.0,Finished,1,Canadian Grand Prix,Montréal,VER
2024_9,2024,9,norris,McLaren,3.0,2.0,18.0,Finished,0,Canadian Grand Prix,Montréal,NOR
2024_9,2024,9,russell,Mercedes,1.0,3.0,15.0,Finished,0,Canadian Grand Prix,Montréal,RUS
2024_9,2024,9,hamilton,Mercedes,7.0,4.0,13.0,Finished,0,Canadian Grand Prix,Montréal,HAM
2024_9,2024,9,piastri,McLaren,4.0,5.0,10.0,Finished,0,Canadian Grand Prix,Montréal,PIA
2024_9,2024,9,alonso,Aston Martin,6.0,6.0,8.0,Finished,0,Canadian Grand Prix,Montréal,ALO
2024_9,2024,9,stroll,Aston Martin,9.0,7.0,6.0,Finished,0,Canadian Grand Prix,Montréal,STR
2024_9,2024,9,ricciardo,RB,5.0,8.0,4.0,Finished,0,Canadian Grand Prix,Montréal,RIC
2024_9,2024,9,gasly,Alpine,15.0,9.0,2.0,Finished,0,Canadian Grand Prix,Montréal,GAS
2024_9,2024,9,ocon,Alpine,18.0,10.0,1.0,Finished,0,Canadian Grand Prix,Montréal,OCO
2024_9,2024,9,hulkenberg,Haas F1 Team,17.0,11.0,0.0,Finished,0,Canadian Grand Prix,Montréal,HUL
2024_9,2024,9,kevin_magnussen,Haas F1 Team,14.0,12.0,0.0,Finished,0,Canadian Grand Prix,Montréal,MAG
2024_9,2024,9,bottas,Kick Sauber,19.0,13.0,0.0,Finished,0,Canadian Grand Prix,Montréal,BOT
2024_9,2024,9,tsunoda,RB,8.0,14.0,0.0,Finished,0,Canadian Grand Prix,Montréal,TSU
2024_9,2024,9,zhou,Kick Sauber,20.0,15.0,0.0,Lapped,0,Canadian Grand Prix,Montréal,ZHO
2024_9,2024,9,sainz,Ferrari,12.0,16.0,0.0,Retired,0,Canadian Grand Prix,Montréal,SAI
2024_9,2024,9,albon,Williams,10.0,17.0,0.0,Retired,0,Canadian Grand Prix,Montréal,ALB
2024_9,2024,9,perez,Red Bull Racing,16.0,18.0,0.0,Retired,0,Canadian Grand Prix,Montréal,PER
2024_9,2024,9,leclerc,Ferrari,11.0,19.0,0.0,Retired,0,Canadian Grand Prix,Montréal,LEC
2024_9,2024,9,sargeant,Williams,13.0,20.0,0.0,Retired,0,Canadian Grand Prix,Montréal,SAR
2024_10,2024,10,max_verstappen,Red Bull Racing,2.0,1.0,25.0,Finished,1,Spanish Grand Prix,Barcelona,VER
2024_10,2024,10,norris,McLaren,1.0,2.0,19.0,Finished,0,Spanish Grand Prix,Barcelona,NOR
2024_10,2024,10,hamilton,Mercedes,3.0,3.0,15.0,Finished,0,Spanish Grand Prix,Barcelona,HAM
2024_10,2024,10,russell,Mercedes,4.0,4.0,12.0,Finished,0,Spanish Grand Prix,Barcelona,RUS
2024_10,2024,10,leclerc,Ferrari,5.0,5.0,10.0,Finished,0,Spanish Grand Prix,Barcelona,LEC
2024_10,2024,10,sainz,Ferrari,6.0,6.0,8.0,Finished,0,Spanish Grand Prix,Barcelona,SAI
2024_10,2024,10,piastri,McLaren,9.0,7.0,6.0,Finished,0,Spanish Grand Prix,Barcelona,PIA
2024_10,2024,10,perez,Red Bull Racing,11.0,8.0,4.0,Finished,0,Spanish Grand Prix,Barcelona,PER
2024_10,2024,10,gasly,Alpine,7.0,9.0,2.0,Finished,0,Spanish Grand Prix,Barcelona,GAS
2024_10,2024,10,ocon,Alpine,8.0,10.0,1.0,Finished,0,Spanish Grand Prix,Barcelona,OCO
2024_10,2024,10,hulkenberg,Haas F1 Team,13.0,11.0,0.0,Finished,0,Spanish Grand Prix,Barcelona,HUL
2024_10,2024,10,alonso,Aston Martin,10.0,12.0,0.0,Lapped,0,Spanish Grand Prix,Barcelona,ALO
2024_10,2024,10,zhou,Kick Sauber,15.0,13.0,0.0,Lapped,0,Spanish Grand Prix,Barcelona,ZHO
2024_10,2024,10,stroll,Aston Martin,14.0,14.0,0.0,Lapped,0,Spanish Grand Prix,Barcelona,STR
2024_10,2024,10,ricciardo,RB,18.0,15.0,0.0,Lapped,0,Spanish Grand Prix,Barcelona,RIC
2024_10,2024,10,bottas,Kick Sauber,12.0,16.0,0.0,Lapped,0,Spanish Grand Prix,Barcelona,BOT
2024_10,2024,10,kevin_magnussen,Haas F1 Team,16.0,17.0,0.0,Lapped,0,Spanish Grand Prix,Barcelona,MAG
2024_10,2024,10,albon,Williams,20.0,18.0,0.0,Lapped,0,Spanish Grand Prix,Barcelona,ALB
2024_10,2024,10,tsunoda,RB,17.0,19.0,0.0,Lapped,0,Spanish Grand Prix,Barcelona,TSU
2024_10,2024,10,sargeant,Williams,19.0,20.0,0.0,Lapped,0,Spanish Grand Prix,Barcelona,SAR
2024_12,2024,12,hamilton,Mercedes,2.0,1.0,25.0,Finished,1,British Grand Prix,Silverstone,HAM
2024_12,2024,12,max_verstappen,Red Bull Racing,4.0,2.0,18.0,Finished,0,British Grand Prix,Silverstone,VER
2024_12,2024,12,norris,McLaren,3.0,3.0,15.0,Finished,0,British Grand Prix,Silverstone,NOR
2024_12,2024,12,piastri,McLaren,5.0,4.0,12.0,Finished,0,British Grand Prix,Silverstone,PIA
2024_12,2024,12,sainz,Ferrari,7.0,5.0,11.0,Finished,0,British Grand Prix,Silverstone,SAI
2024_12,2024,12,hulkenberg,Haas F1 Team,6.0,6.0,8.0,Finished,0,British Grand Prix,Silverstone,HUL
2024_12,2024,12,stroll,Aston Martin,8.0,7.0,6.0,Finished,0,British Grand Prix,Silverstone,STR
2024_12,2024,12,alonso,Aston Martin,10.0,8.0,4.0,Finished,0,British Grand Prix,Silverstone,ALO
2024_12,2024,12,albon,Williams,9.0,9.0,2.0,Finished,0,British Grand Prix,Silverstone,ALB
2024_12,2024,12,tsunoda,RB,13.0,10.0,1.0,Finished,0,British Grand Prix,Silverstone,TSU
2024_12,2024,12,sargeant,Williams,12.0,11.0,0.0,Finished,0,British Grand Prix,Silverstone,SAR
2024_12,2024,12,kevin_magnussen,Haas F1 Team,17.0,12.0,0.0,Finished,0,British Grand Prix,Silverstone,MAG
2024_12,2024,12,ricciardo,RB,15.0,13.0,0.0,Lapped,0,British Grand Prix,Silverstone,RIC
2024_12,2024,12,leclerc,Ferrari,11.0,14.0,0.0,Lapped,0,British Grand Prix,Silverstone,LEC
2024_12,2024,12,bottas,Kick Sauber,16.0,15.0,0.0,Lapped,0,British Grand Prix,Silverstone,BOT
2024_12,2024,12,ocon,Alpine,18.0,16.0,0.0,Lapped,0,British Grand Prix,Silverstone,OCO
2024_12,2024,12,perez,Red Bull Racing,20.0,17.0,0.0,Lapped,0,British Grand Prix,Silverstone,PER
2024_12,2024,12,zhou,Kick Sauber,14.0,18.0,0.0,Lapped,0,British Grand Prix,Silverstone,ZHO
2024_12,2024,12,russell,Mercedes,1.0,19.0,0.0,Retired,0,British Grand Prix,Silverstone,RUS
2024_12,2024,12,gasly,Alpine,19.0,20.0,0.0,Did not start,0,British Grand Prix,Silverstone,GAS
2024_13,2024,13,piastri,McLaren,2.0,1.0,25.0,Finished,1,Hungarian Grand Prix,Budapest,PIA
2024_13,2024,13,norris,McLaren,1.0,2.0,18.0,Finished,0,Hungarian Grand Prix,Budapest,NOR
2024_13,2024,13,hamilton,Mercedes,5.0,3.0,15.0,Finished,0,Hungarian Grand Prix,Budapest,HAM
2024_13,2024,13,leclerc,Ferrari,6.0,4.0,12.0,Finished,0,Hungarian Grand Prix,Budapest,LEC
2024_13,2024,13,max_verstappen,Red Bull Racing,3.0,5.0,10.0,Finished,0,Hungarian Grand Prix,Budapest,VER
2024_13,2024,13,sainz,Ferrari,4.0,6.0,8.0,Finished,0,Hungarian Grand Prix,Budapest,SAI
2024_13,2024,13,perez,Red Bull Racing,16.0,7.0,6.0,Finished,0,Hungarian Grand Prix,Budapest,PER
2024_13,2024,13,russell,Mercedes,17.0,8.0,5.0,Finished,0,Hungarian Grand Prix,Budapest,RUS
2024_13,2024,13,tsunoda,RB,10.0,9.0,2.0,Finished,0,Hungarian Grand Prix,Budapest,TSU
2024_13,2024,13,stroll,Aston Martin,8.0,10.0,1.0,Finished,0,Hungarian Grand Prix,Budapest,STR
2024_13,2024,13,alonso,Aston Martin,7.0,11.0,0.0,Finished,0,Hungarian Grand Prix,Budapest,ALO
2024_13,2024,13,ricciardo,RB,9.0,12.0,0.0,Lapped,0,Hungarian Grand Prix,Budapest,RIC
2024_13,2024,13,hulkenberg,Haas F1 Team,11.0,13.0,0.0,Lapped,0,Hungarian Grand Prix,Budapest,HUL
2024_13,2024,13,albon,Williams,13.0,14.0,0.0,Lapped,0,Hungarian Grand Prix,Budapest,ALB
2024_13,2024,13,kevin_magnussen,Haas F1 Team,15.0,15.0,0.0,Lapped,0,Hungarian Grand Prix,Budapest,MAG
2024_13,2024,13,bottas,Kick Sauber,12.0,16.0,0.0,Lapped,0,Hungarian Grand Prix,Budapest,BOT
2024_13,2024,13,sargeant,Williams,14.0,17.0,0.0,Lapped,0,Hungarian Grand Prix,Budapest,SAR
2024_13,2024,13,ocon,Alpine,19.0,18.0,0.0,Lapped,0,Hungarian Grand Prix,Budapest,OCO
2024_13,2024,13,zhou,Kick Sauber,18.0,19.0,0.0,Lapped,0,Hungarian Grand Prix,Budapest,ZHO
2024_13,2024,13,gasly,Alpine,20.0,20.0,0.0,Retired,0,Hungarian Grand Prix,Budapest,GAS
2024_14,2024,14,hamilton,Mercedes,3.0,1.0,25.0,Finished,1,Belgian Grand Prix,Spa-Francorchamps,HAM
2024_14,2024,14,piastri,McLaren,5.0,2.0,18.0,Finished,0,Belgian Grand Prix,Spa-Francorchamps,PIA
2024_14,2024,14,leclerc,Ferrari,1.0,3.0,15.0,Finished,0,Belgian Grand Prix,Spa-Francorchamps,LEC
2024_14,2024,14,max_verstappen,Red Bull Racing,11.0,4.0,12.0,Finished,0,Belgian Grand Prix,Spa-Francorchamps,VER
2024_14,2024,14,norris,McLaren,4.0,5.0,10.0,Finished,0,Belgian Grand Prix,Spa-Francorchamps,NOR
2024_14,2024,14,sainz,Ferrari,7.0,6.0,8.0,Finished,0,Belgian Grand Prix,Spa-Francorchamps,SAI
2024_14,2024,14,perez,Red Bull Racing,2.0,7.0,7.0,Finished,0,Belgian Grand Prix,Spa-Francorchamps,PER
2024_14,2024,14,alonso,Aston Martin,8.0,8.0,4.0,Finished,0,Belgian Grand Prix,Spa-Francorchamps,ALO
2024_14,2024,14,ocon,Alpine,9.0,9.0,2.0,Finished,0,Belgian Grand Prix,Spa-Francorchamps,OCO
2024_14,2024,14,ricciardo,RB,13.0,10.0,1.0,Finished,0,Belgian Grand Prix,Spa-Francorchamps,RIC
2024_14,2024,14,stroll,Aston Martin,15.0,11.0,0.0,Finished,0,Belgian Grand Prix,Spa-Francorchamps,STR
2024_14,2024,14,albon,Williams,10.0,12.0,0.0,Finished,0,Belgian Grand Prix,Spa-Francorchamps,ALB
2024_14,2024,14,gasly,Alpine,12.0,13.0,0.0,Finished,0,Belgian Grand Prix,Spa-Francorchamps,GAS
2024_14,2024,14,kevin_magnussen,Haas F1 Team,17.0,14.0,0.0,Finished,0,Belgian Grand Prix,Spa-Francorchamps,MAG
2024_14,2024,14,bottas,Kick Sauber,14.0,15.0,0.0,Finished,0,Belgian Grand Prix,Spa-Francorchamps,BOT
2024_14,2024,14,tsunoda,RB,20.0,16.0,0.0,Finished,0,Belgian Grand Prix,Spa-Francorchamps,TSU
2024_14,2024,14,sargeant,Williams,18.0,17.0,0.0,Finished,0,Belgian Grand Prix,Spa-Francorchamps,SAR
2024_14,2024,14,hulkenberg,Haas F1 Team,16.0,18.0,0.0,Finished,0,Belgian Grand Prix,Spa-Francorchamps,HUL
2024_14,2024,14,zhou,Kick Sauber,19.0,19.0,0.0,Retired,0,Belgian Grand Prix,Spa-Francorchamps,ZHO
2024_14,2024,14,russell,Mercedes,6.0,20.0,0.0,Disqualified,0,Belgian Grand Prix,Spa-Francorchamps,RUS
2024_15,2024,15,norris,McLaren,1.0,1.0,26.0,Finished,1,Dutch Grand Prix,Zandvoort,NOR
2024_15,2024,15,max_verstappen,Red Bull Racing,2.0,2.0,18.0,Finished,0,Dutch Grand Prix,Zandvoort,VER
2024_15,2024,15,leclerc,Ferrari,6.0,3.0,15.0,Finished,0,Dutch Grand Prix,Zandvoort,LEC
2024_15,2024,15,piastri,McLaren,3.0,4.0,12.0,Finished,0,Dutch Grand Prix,Zandvoort,PIA
2024_15,2024,15,sainz,Ferrari,10.0,5.0,10.0,Finished,0,Dutch Grand Prix,Zandvoort,SAI
2024_15,2024,15,perez,Red Bull Racing,5.0,6.0,8.0,Finished,0,Dutch Grand Prix,Zandvoort,PER
2024_15,2024,15,russell,Mercedes,4.0,7.0,6.0,Finished,0,Dutch Grand Prix,Zandvoort,RUS
2024_15,2024,15,hamilton,Mercedes,14.0,8.0,4.0,Finished,0,Dutch Grand Prix,Zandvoort,HAM
2024_15,2024,15,gasly,Alpine,9.0,9.0,2.0,Lapped,0,Dutch Grand Prix,Zandvoort,GAS
2024_15,2024,15,alonso,Aston Martin,7.0,10.0,1.0,Lapped,0,Dutch Grand Prix,Zandvoort,ALO
2024_15,2024,15,hulkenberg,Haas F1 Team,12.0,11.0,0.0,Lapped,0,Dutch Grand Prix,Zandvoort,HUL
2024_15,2024,15,ricciardo,RB,13.0,12.0,0.0,Lapped,0,Dutch Grand Prix,Zandvoort,RIC
2024_15,2024,15,stroll,Aston Martin,8.0,13.0,0.0,Lapped,0,Dutch Grand Prix,Zandvoort,STR
2024_15,2024,15,albon,Williams,19.0,14.0,0.0,Lapped,0,Dutch Grand Prix,Zandvoort,ALB
2024_15,2024,15,ocon,Alpine,15.0,15.0,0.0,Lapped,0,Dutch Grand Prix,Zandvoort,OCO
2024_15,2024,15,sargeant,Williams,18.0,16.0,0.0,Lapped,0,Dutch Grand Prix,Zandvoort,SAR
2024_15,2024,15,tsunoda,RB,11.0,17.0,0.0,Lapped,0,Dutch Grand Prix,Zandvoort,TSU
2024_15,2024,15,kevin_magnussen,Haas F1 Team,20.0,18.0,0.0,Lapped,0,Dutch Grand Prix,Zandvoort,MAG
2024_15,2024,15,bottas,Kick Sauber,16.0,19.0,0.0,Lapped,0,Dutch Grand Prix,Zandvoort,BOT
2024_15,2024,15,zhou,Kick Sauber,17.0,20.0,0.0,Lapped,0,Dutch Grand Prix,Zandvoort,ZHO
2024_16,2024,16,leclerc,Ferrari,4.0,1.0,25.0,Finished,1,Italian Grand Prix,Monza,LEC
2024_16,2024,16,piastri,McLaren,2.0,2.0,18.0,Finished,0,Italian Grand Prix,Monza,PIA
2024_16,2024,16,norris,McLaren,1.0,3.0,16.0,Finished,0,Italian Grand Prix,Monza,NOR
2024_16,2024,16,sainz,Ferrari,5.0,4.0,12.0,Finished,0,Italian Grand Prix,Monza,SAI
2024_16,2024,16,hamilton,Mercedes,6.0,5.0,10.0,Finished,0,Italian Grand Prix,Monza,HAM
2024_16,2024,16,max_verstappen,Red Bull Racing,7.0,6.0,8.0,Finished,0,Italian Grand Prix,Monza,VER
2024_16,2024,16,russell,Mercedes,3.0,7.0,6.0,Finished,0,Italian Grand Prix,Monza,RUS
2024_16,2024,16,perez,Red Bull Racing,8.0,8.0,4.0,Finished,0,Italian Grand Prix,Monza,PER
2024_16,2024,16,albon,Williams,9.0,9.0,2.0,Finished,0,Italian Grand Prix,Monza,ALB
2024_16,2024,16,kevin_magnussen,Haas F1 Team,13.0,10.0,1.0,Finished,0,Italian Grand Prix,Monza,MAG
2024_16,2024,16,alonso,Aston Martin,11.0,11.0,0.0,Finished,0,Italian Grand Prix,Monza,ALO
2024_16,2024,16,colapinto,Williams,18.0,12.0,0.0,Finished,0,Italian Grand Prix,Monza,COL
2024_16,2024,16,ricciardo,RB,12.0,13.0,0.0,Finished,0,Italian Grand Prix,Monza,RIC
2024_16,2024,16,ocon,Alpine,15.0,14.0,0.0,Lapped,0,Italian Grand Prix,Monza,OCO
2024_16,2024,16,gasly,Alpine,14.0,15.0,0.0,Lapped,0,Italian Grand Prix,Monza,GAS
2024_16,2024,16,bottas,Kick Sauber,19.0,16.0,0.0,Lapped,0,Italian Grand Prix,Monza,BOT
2024_16,2024,16,hulkenberg,Haas F1 Team,10.0,17.0,0.0,Lapped,0,Italian Grand Prix,Monza,HUL
2024_16,2024,16,zhou,Kick Sauber,20.0,18.0,0.0,Lapped,0,Italian Grand Prix,Monza,ZHO
2024_16,2024,16,stroll,Aston Martin,17.0,19.0,0.0,Lapped,0,Italian Grand Prix,Monza,STR
2024_16,2024,16,tsunoda,RB,16.0,20.0,0.0,Retired,0,Italian Grand Prix,Monza,TSU
2024_17,2024,17,piastri,McLaren,2.0,1.0,25.0,Finished,1,Azerbaijan Grand Prix,Baku,PIA
2024_17,2024,17,leclerc,Ferrari,1.0,2.0,18.0,Finished,0,Azerbaijan Grand Prix,Baku,LEC
2024_17,2024,17,russell,Mercedes,5.0,3.0,15.0,Finished,0,Azerbaijan Grand Prix,Baku,RUS
2024_17,2024,17,norris,McLaren,15.0,4.0,13.0,Finished,0,Azerbaijan Grand Prix,Baku,NOR
2024_17,2024,17,max_verstappen,Red Bull Racing,6.0,5.0,10.0,Finished,0,Azerbaijan Grand Prix,Baku,VER
2024_17,2024,17,alonso,Aston Martin,7.0,6.0,8.0,Finished,0,Azerbaijan Grand Prix,Baku,ALO
2024_17,2024,17,albon,Williams,9.0,7.0,6.0,Finished,0,Azerbaijan Grand Prix,Baku,ALB
2024_17,2024,17,colapinto,Williams,8.0,8.0,4.0,Finished,0,Azerbaijan Grand Prix,Baku,COL
2024_17,2024,17,hamilton,Mercedes,19.0,9.0,2.0,Finished,0,Azerbaijan Grand Prix,Baku,HAM
2024_17,2024,17,bearman,Haas F1 Team,10.0,10.0,1.0,Finished,0,Azerbaijan Grand Prix,Baku,BEA
2024_17,2024,17,hulkenberg,Haas F1 Team,12.0,11.0,0.0,Finished,0,Azerbaijan Grand Prix,Baku,HUL
2024_17,2024,17,gasly,Alpine,18.0,12.0,0.0,Finished,0,Azerbaijan Grand Prix,Baku,GAS
2024_17,2024,17,ricciardo,RB,14.0,13.0,0.0,Finished,0,Azerbaijan Grand Prix,Baku,RIC
2024_17,2024,17,zhou,Kick Sauber,17.0,14.0,0.0,Finished,0,Azerbaijan Grand Prix,Baku,ZHO
2024_17,2024,17,ocon,Alpine,20.0,15.0,0.0,Lapped,0,Azerbaijan Grand Prix,Baku,OCO
2024_17,2024,17,bottas,Kick Sauber,16.0,16.0,0.0,Lapped,0,Azerbaijan Grand Prix,Baku,BOT
2024_17,2024,17,perez,Red Bull Racing,4.0,17.0,0.0,Retired,0,Azerbaijan Grand Prix,Baku,PER
2024_17,2024,17,sainz,Ferrari,3.0,18.0,0.0,Retired,0,Azerbaijan Grand Prix,Baku,SAI
2024_17,2024,17,stroll,Aston Martin,13.0,19.0,0.0,Retired,0,Azerbaijan Grand Prix,Baku,STR
2024_17,2024,17,tsunoda,RB,11.0,20.0,0.0,Retired,0,Azerbaijan Grand Prix,Baku,TSU
2024_18,2024,18,norris,McLaren,1.0,1.0,25.0,Finished,1,Singapore Grand Prix,Marina Bay,NOR
2024_18,2024,18,max_verstappen,Red Bull Racing,2.0,2.0,18.0,Finished,0,Singapore Grand Prix,Marina Bay,VER
2024_18,2024,18,piastri,McLaren,5.0,3.0,15.0,Finished,0,Singapore Grand Prix,Marina Bay,PIA
2024_18,2024,18,russell,Mercedes,4.0,4.0,12.0,Finished,0,Singapore Grand Prix,Marina Bay,RUS
2024_18,2024,18,leclerc,Ferrari,9.0,5.0,10.0,Finished,0,Singapore Grand Prix,Marina Bay,LEC
2024_18,2024,18,hamilton,Mercedes,3.0,6.0,8.0,Finished,0,Singapore Grand Prix,Marina Bay,HAM
2024_18,2024,18,sainz,Ferrari,10.0,7.0,6.0,Finished,0,Singapore Grand Prix,Marina Bay,SAI
2024_18,2024,18,alonso,Aston Martin,7.0,8.0,4.0,Lapped,0,Singapore Grand Prix,Marina Bay,ALO
2024_18,2024,18,hulkenberg,Haas F1 Team,6.0,9.0,2.0,Lapped,0,Singapore Grand Prix,Marina Bay,HUL
2024_18,2024,18,perez,Red Bull Racing,13.0,10.0,1.0,Lapped,0,Singapore Grand Prix,Marina Bay,PER
2024_18,2024,18,colapinto,Williams,12.0,11.0,0.0,Lapped,0,Singapore Grand Prix,Marina Bay,COL
2024_18,2024,18,tsunoda,RB,8.0,12.0,0.0,Lapped,0,Singapore Grand Prix,Marina Bay,TSU
2024_18,2024,18,ocon,Alpine,15.0,13.0,0.0,Lapped,0,Singapore Grand Prix,Marina Bay,OCO
2024_18,2024,18,stroll,Aston Martin,17.0,14.0,0.0,Lapped,0,Singapore Grand Prix,Marina Bay,STR
2024_18,2024,18,zhou,Kick Sauber,20.0,15.0,0.0,Lapped,0,Singapore Grand Prix,Marina Bay,ZHO
2024_18,2024,18,bottas,Kick Sauber,19.0,16.0,0.0,Lapped,0,Singapore Grand Prix,Marina Bay,BOT
2024_18,2024,18,gasly,Alpine,18.0,17.0,0.0,Lapped,0,Singapore Grand Prix,Marina Bay,GAS
2024_18,2024,18,ricciardo,RB,16.0,18.0,0.0,Lapped,0,Singapore Grand Prix,Marina Bay,RIC
2024_18,2024,18,kevin_magnussen,Haas F1 Team,14.0,19.0,0.0,Retired,0,Singapore Grand Prix,Marina Bay,MAG
2024_18,2024,18,albon,Williams,11.0,20.0,0.0,Retired,0,Singapore Grand Prix,Marina Bay,ALB
2024_20,2024,20,sainz,Ferrari,1.0,1.0,25.0,Finished,1,Mexico City Grand Prix,Mexico City,SAI
2024_20,2024,20,norris,McLaren,3.0,2.0,18.0,Finished,0,Mexico City Grand Prix,Mexico City,NOR
2024_20,2024,20,leclerc,Ferrari,4.0,3.0,16.0,Finished,0,Mexico City Grand Prix,Mexico City,LEC
2024_20,2024,20,hamilton,Mercedes,6.0,4.0,12.0,Finished,0,Mexico City Grand Prix,Mexico City,HAM
2024_20,2024,20,russell,Mercedes,5.0,5.0,10.0,Finished,0,Mexico City Grand Prix,Mexico City,RUS
2024_20,2024,20,max_verstappen,Red Bull Racing,2.0,6.0,8.0,Finished,0,Mexico City Grand Prix,Mexico City,VER
2024_20,2024,20,kevin_magnussen,Haas F1 Team,7.0,7.0,6.0,Finished,0,Mexico City Grand Prix,Mexico City,MAG
2024_20,2024,20,piastri,McLaren,17.0,8.0,4.0,Finished,0,Mexico City Grand Prix,Mexico City,PIA
2024_20,2024,20,hulkenberg,Haas F1 Team,10.0,9.0,2.0,Lapped,0,Mexico City Grand Prix,Mexico City,HUL
2024_20,2024,20,gasly,Alpine,8.0,10.0,1.0,Lapped,0,Mexico City Grand Prix,Mexico City,GAS
2024_20,2024,20,stroll,Aston Martin,14.0,11.0,0.0,Lapped,0,Mexico City Grand Prix,Mexico City,STR
2024_20,2024,20,colapinto,Williams,16.0,12.0,0.0,Lapped,0,Mexico City Grand Prix,Mexico City,COL
2024_20,2024,20,ocon,Alpine,0.0,13.0,0.0,Lapped,0,Mexico City Grand Prix,Mexico City,OCO
2024_20,2024,20,bottas,Kick Sauber,15.0,14.0,0.0,Lapped,0,Mexico City Grand Prix,Mexico City,BOT
2024_20,2024,20,zhou,Kick Sauber,19.0,15.0,0.0,Lapped,0,Mexico City Grand Prix,Mexico City,ZHO
2024_20,2024,20,lawson,RB,12.0,16.0,0.0,Lapped,0,Mexico City Grand Prix,Mexico City,LAW
2024_20,2024,20,perez,Red Bull Racing,18.0,17.0,0.0,Lapped,0,Mexico City Grand Prix,Mexico City,PER
2024_20,2024,20,alonso,Aston Martin,13.0,18.0,0.0,Retired,0,Mexico City Grand Prix,Mexico City,ALO
2024_20,2024,20,albon,Williams,9.0,19.0,0.0,Retired,0,Mexico City Grand Prix,Mexico City,ALB
2024_20,2024,20,tsunoda,RB,11.0,20.0,0.0,Retired,0,Mexico City Grand Prix,Mexico City,TSU
2024_22,2024,22,russell,Mercedes,1.0,1.0,25.0,Finished,1,Las Vegas Grand Prix,Las Vegas,RUS
2024_22,2024,22,hamilton,Mercedes,10.0,2.0,18.0,Finished,0,Las Vegas Grand Prix,Las Vegas,HAM
2024_22,2024,22,sainz,Ferrari,2.0,3.0,15.0,Finished,0,Las Vegas Grand Prix,Las Vegas,SAI
2024_22,2024,22,leclerc,Ferrari,4.0,4.0,12.0,Finished,0,Las Vegas Grand Prix,Las Vegas,LEC
2024_22,2024,22,max_verstappen,Red Bull Racing,5.0,5.0,10.0,Finished,0,Las Vegas Grand Prix,Las Vegas,VER
2024_22,2024,22,norris,McLaren,6.0,6.0,9.0,Finished,0,Las Vegas Grand Prix,Las Vegas,NOR
2024_22,2024,22,piastri,McLaren,8.0,7.0,6.0,Finished,0,Las Vegas Grand Prix,Las Vegas,PIA
2024_22,2024,22,hulkenberg,Haas F1 Team,9.0,8.0,4.0,Finished,0,Las Vegas Grand Prix,Las Vegas,HUL
2024_22,2024,22,tsunoda,RB,7.0,9.0,2.0,Finished,0,Las Vegas Grand Prix,Las Vegas,TSU
2024_22,2024,22,perez,Red Bull Racing,15.0,10.0,1.0,Finished,0,Las Vegas Grand Prix,Las Vegas,PER
2024_22,2024,22,alonso,Aston Martin,16.0,11.0,0.0,Finished,0,Las Vegas Grand Prix,Las Vegas,ALO
2024_22,2024,22,kevin_magnussen,Haas F1 Team,12.0,12.0,0.0,Finished,0,Las Vegas Grand Prix,Las Vegas,MAG
2024_22,2024,22,zhou,Kick Sauber,13.0,13.0,0.0,Finished,0,Las Vegas Grand Prix,Las Vegas,ZHO
2024_22,2024,22,colapinto,Williams,20.0,14.0,0.0,Finished,0,Las Vegas Grand Prix,Las Vegas,COL
2024_22,2024,22,stroll,Aston Martin,18.0,15.0,0.0,Finished,0,Las Vegas Grand Prix,Las Vegas,STR
2024_22,2024,22,lawson,RB,14.0,16.0,0.0,Finished,0,Las Vegas Grand Prix,Las Vegas,LAW
2024_22,2024,22,ocon,Alpine,11.0,17.0,0.0,Lapped,0,Las Vegas Grand Prix,Las Vegas,OCO
2024_22,2024,22,bottas,Kick Sauber,19.0,18.0,0.0,Lapped,0,Las Vegas Grand Prix,Las Vegas,BOT
2024_22,2024,22,albon,Williams,17.0,19.0,0.0,Retired,0,Las Vegas Grand Prix,Las Vegas,ALB
2024_22,2024,22,gasly,Alpine,3.0,20.0,0.0,Retired,0,Las Vegas Grand Prix,Las Vegas,GAS
2024_24,2024,24,norris,McLaren,1.0,1.0,25.0,Finished,1,Abu Dhabi Grand Prix,Yas Island,NOR
2024_24,2024,24,sainz,Ferrari,3.0,2.0,18.0,Finished,0,Abu Dhabi Grand Prix,Yas Island,SAI
2024_24,2024,24,leclerc,Ferrari,19.0,3.0,15.0,Finished,0,Abu Dhabi Grand Prix,Yas Island,LEC
2024_24,2024,24,hamilton,Mercedes,16.0,4.0,12.0,Finished,0,Abu Dhabi Grand Prix,Yas Island,HAM
2024_24,2024,24,russell,Mercedes,6.0,5.0,10.0,Finished,0,Abu Dhabi Grand Prix,Yas Island,RUS
2024_24,2024,24,max_verstappen,Red Bull Racing,4.0,6.0,8.0,Finished,0,Abu Dhabi Grand Prix,Yas Island,VER
2024_24,2024,24,gasly,Alpine,5.0,7.0,6.0,Finished,0,Abu Dhabi Grand Prix,Yas Island,GAS
2024_24,2024,24,hulkenberg,Haas F1 Team,7.0,8.0,4.0,Finished,0,Abu Dhabi Grand Prix,Yas Island,HUL
2024_24,2024,24,alonso,Aston Martin,8.0,9.0,2.0,Finished,0,Abu Dhabi Grand Prix,Yas Island,ALO
2024_24,2024,24,piastri,McLaren,2.0,10.0,1.0,Finished,0,Abu Dhabi Grand Prix,Yas Island,PIA
2024_24,2024,24,albon,Williams,18.0,11.0,0.0,Lapped,0,Abu Dhabi Grand Prix,Yas Island,ALB
2024_24,2024,24,tsunoda,RB,11.0,12.0,0.0,Lapped,0,Abu Dhabi Grand Prix,Yas Island,TSU
2024_24,2024,24,zhou,Kick Sauber,15.0,13.0,0.0,Lapped,0,Abu Dhabi Grand Prix,Yas Island,ZHO
2024_24,2024,24,stroll,Aston Martin,13.0,14.0,0.0,Lapped,0,Abu Dhabi Grand Prix,Yas Island,STR
2024_24,2024,24,doohan,Alpine,17.0,15.0,0.0,Lapped,0,Abu Dhabi Grand Prix,Yas Island,DOO
2024_24,2024,24,kevin_magnussen,Haas F1 Team,14.0,16.0,0.0,Lapped,0,Abu Dhabi Grand Prix,Yas Island,MAG
2024_24,2024,24,lawson,RB,12.0,17.0,0.0,Retired,0,Abu Dhabi Grand Prix,Yas Island,LAW
2024_24,2024,24,bottas,Kick Sauber,9.0,18.0,0.0,Retired,0,Abu Dhabi Grand Prix,Yas Island,BOT
2024_24,2024,24,colapinto,Williams,20.0,19.0,0.0,Retired,0,Abu Dhabi Grand Prix,Yas Island,COL
2024_24,2024,24,perez,Red Bull Racing,10.0,20.0,0.0,Retired,0,Abu Dhabi Grand Prix,Yas Island,PER
